name,state,New_state
Alan Lewis,Ogun,OTHERS
Jennifer Chung,Ondo,OTHERS
Tyler Kaiser,Cross River,OTHERS
Catherine Morris,Oyo,OTHERS
Jeffrey Mcintyre,Ogun,OTHERS
Andrew Weaver,Cross River,OTHERS
Patrick Carson,Ogun,OTHERS
Angela Thomas,Oyo,OTHERS
Rachel Grimes,Lagos,Lagos
Shannon Smith,Ondo,OTHERS
Timothy Hogan,Abuja,OTHERS
Amy Porter,Abuja,OTHERS
Michael Hall,Kwara,OTHERS
Thomas Adams,Cross River,OTHERS
Vincent Schwartz,Oyo,OTHERS
Robert Brown,Kwara,OTHERS
Mr. Steven Howard,Cross River,OTHERS
Ricardo Bailey,Cross River,OTHERS
Carol Munoz,Oyo,OTHERS
Wendy Evans,Ekiti,OTHERS
Charles Holder,Cross River,OTHERS
Martha Rodriguez,Lagos,Lagos
Brenda Holmes,Ekiti,OTHERS
Heather Haley,Lagos,Lagos
Erin Lindsey,Kwara,OTHERS
Amanda Coleman,Oyo,OTHERS
Karen Richardson,Kwara,OTHERS
Sheri Beltran,Osun,OTHERS
Andrew Curry,Abuja,OTHERS
Jennifer Johnson,Ondo,OTHERS
Jean Moran,Oyo,OTHERS
Marcus Hoffman,Lagos,Lagos
Brenda Oliver,Cross River,OTHERS
Allison Reed,Cross River,OTHERS
Jill Lee,Cross River,OTHERS
Susan Hall,Ondo,OTHERS
Janet Briggs,Ogun,OTHERS
Tyler Yates,Kwara,OTHERS
David Sellers,Lagos,Lagos
Joseph Schultz,Osun,OTHERS
Martha Sheppard,Osun,OTHERS
Glenn Lowery,Abuja,OTHERS
Kim Jackson,Abuja,OTHERS
Sarah Brown DDS,Ogun,OTHERS
Lisa Sellers,Ekiti,OTHERS
Michael Wright,Abuja,OTHERS
Samantha White,Ekiti,OTHERS
Kayla Hayes,Osun,OTHERS
Mercedes Greene,Kwara,OTHERS
Kayla Tucker,Ekiti,OTHERS
Anthony Richards,Ondo,OTHERS
Zachary Davis,Osun,OTHERS
Shannon Miranda,Osun,OTHERS
Carolyn Martin,Ogun,OTHERS
Peter Walker,Ogun,OTHERS
Angela Jones,Ekiti,OTHERS
Nicholas Robertson,Ekiti,OTHERS
Kristin Lewis,Kwara,OTHERS
Frederick Page,Abuja,OTHERS
Cynthia Little,Ogun,OTHERS
Allison Gaines,Ogun,OTHERS
Bryan Johnson,Lagos,Lagos
Larry Stewart,Ondo,OTHERS
Mark Morales,Osun,OTHERS
Anthony King,Ogun,OTHERS
David Gonzalez MD,Ekiti,OTHERS
Andrew Stewart,Osun,OTHERS
Mackenzie Fernandez,Ekiti,OTHERS
Elizabeth Alexander,Lagos,Lagos
Drew Hicks,Cross River,OTHERS
Eric Jones,Lagos,Lagos
Nicole Wong,Oyo,OTHERS
Dylan Mcdaniel,Ondo,OTHERS
Timothy Mccarthy,Oyo,OTHERS
Jacqueline Mitchell DVM,Oyo,OTHERS
Stephen Johnson,Ekiti,OTHERS
Meagan Williams,Ogun,OTHERS
Diana Bates,Osun,OTHERS
Matthew Hudson,Ondo,OTHERS
Raymond Smith,Ogun,OTHERS
April Garcia,Lagos,Lagos
Michael Medina,Ondo,OTHERS
Robert Clark,Lagos,Lagos
Teresa Diaz,Kwara,OTHERS
Stephanie Mitchell,Kwara,OTHERS
William Knight,Ondo,OTHERS
Jennifer Bennett,Ogun,OTHERS
Kent Mathews,Lagos,Lagos
Jennifer Dominguez,Ogun,OTHERS
Lisa Brown,Abuja,OTHERS
Tracy Ochoa,Oyo,OTHERS
Christopher Welch,Abuja,OTHERS
Daniel Davenport,Lagos,Lagos
Sheri Lopez,Ekiti,OTHERS
Trevor Wise,Ogun,OTHERS
Laurie Kirby,Ondo,OTHERS
Casey Martinez,Ogun,OTHERS
Courtney Brown,Abuja,OTHERS
Maria Richard,Lagos,Lagos
Andrew Cannon,Oyo,OTHERS
Cynthia Ferguson,Oyo,OTHERS
Rick Garcia,Abuja,OTHERS
James Johnson,Oyo,OTHERS
Michael Moore,Oyo,OTHERS
Daniel Kelley,Lagos,Lagos
Daniel Clark,Oyo,OTHERS
Colton Williamson,Ekiti,OTHERS
Sandra Shea,Kwara,OTHERS
Adrian Smith,Osun,OTHERS
Dr. Jessica Griffin,Abuja,OTHERS
Zachary Sanchez DDS,Cross River,OTHERS
Karen Schwartz,Osun,OTHERS
Jamie Jones,Kwara,OTHERS
Jack Cooper,Ogun,OTHERS
Tammy Hall DDS,Lagos,Lagos
Barbara Garcia,Abuja,OTHERS
Tammy Nunez,Ekiti,OTHERS
Pamela Grant,Oyo,OTHERS
Dana Werner,Ogun,OTHERS
Kelly Watson,Osun,OTHERS
Crystal Hensley,Ogun,OTHERS
Michael Sampson,Kwara,OTHERS
Stanley Johnston,Oyo,OTHERS
Thomas Lowery,Cross River,OTHERS
Jeff Stephens,Osun,OTHERS
Diana Morrison,Ekiti,OTHERS
William Frank,Ekiti,OTHERS
Matthew Harris,Osun,OTHERS
Monique Houston,Oyo,OTHERS
Jeffrey Ortega,Kwara,OTHERS
Carla Chavez,Ogun,OTHERS
Scott Jones,Ogun,OTHERS
Bryan Ryan,Ondo,OTHERS
Kyle Schneider,Osun,OTHERS
Andrew Long,Ekiti,OTHERS
Ronald Gonzales,Abuja,OTHERS
Natalie Aguirre,Lagos,Lagos
William Pollard,Oyo,OTHERS
Cory Freeman,Oyo,OTHERS
David Foster,Cross River,OTHERS
Yolanda Price,Abuja,OTHERS
Carlos Bernard,Osun,OTHERS
Karen Robertson,Kwara,OTHERS
Angela Watson,Ogun,OTHERS
Paula Mcmahon,Cross River,OTHERS
Martin Bell,Kwara,OTHERS
Joseph Miller,Osun,OTHERS
Kendra Smith,Lagos,Lagos
Virginia Thompson,Kwara,OTHERS
Richard Lyons,Abuja,OTHERS
Amanda Thomas,Ondo,OTHERS
Samantha Warren,Lagos,Lagos
Abigail Dalton,Lagos,Lagos
Denise Roberts,Kwara,OTHERS
Sharon Evans,Lagos,Lagos
Raven Stephens,Kwara,OTHERS
Tommy Medina,Lagos,Lagos
Samuel Alexander,Ondo,OTHERS
Nancy Johnson,Kwara,OTHERS
Hannah Ruiz,Osun,OTHERS
Jennifer Petersen,Ekiti,OTHERS
Leonard Murphy,Osun,OTHERS
Jasmine Nelson,Ekiti,OTHERS
Michael Saunders,Abuja,OTHERS
Nicholas Duran,Abuja,OTHERS
Melissa Compton,Abuja,OTHERS
Larry Graham,Osun,OTHERS
Tyler Jacobson,Kwara,OTHERS
Caitlin Rios,Ondo,OTHERS
Lindsey Chapman,Abuja,OTHERS
Bruce Larson,Abuja,OTHERS
Margaret Spencer,Osun,OTHERS
Dr. Catherine Norris MD,Ogun,OTHERS
Jordan Oconnell,Kwara,OTHERS
Lauren Mason,Abuja,OTHERS
Kyle Jones,Cross River,OTHERS
Kristen Barrett,Lagos,Lagos
Seth Allen,Oyo,OTHERS
Courtney Cohen,Lagos,Lagos
Isabella Newton,Cross River,OTHERS
Brandon Williams,Cross River,OTHERS
Henry Holmes,Osun,OTHERS
Melissa Shaw,Abuja,OTHERS
David Cunningham MD,Ondo,OTHERS
Jeffrey Campbell,Osun,OTHERS
Michael Lucas,Lagos,Lagos
Julie Johnston,Lagos,Lagos
Mrs. Sarah Mccormick,Kwara,OTHERS
Willie Wilson,Kwara,OTHERS
Joseph Mcdaniel,Osun,OTHERS
Chris Roach,Lagos,Lagos
Kristina Lopez,Ondo,OTHERS
Linda Pearson,Cross River,OTHERS
Lauren Jones,Cross River,OTHERS
Scott Hernandez,Abuja,OTHERS
Samantha Morris,Ondo,OTHERS
Michael Richard,Cross River,OTHERS
Debra Soto,Ogun,OTHERS
Brittany Davis,Cross River,OTHERS
Amanda Rogers,Ekiti,OTHERS
Terri Reeves,Osun,OTHERS
Anthony Weber,Cross River,OTHERS
Julia Barnes,Oyo,OTHERS
Terri Stafford,Osun,OTHERS
Diana Hudson,Cross River,OTHERS
Edward Smith,Cross River,OTHERS
Christian Payne,Ogun,OTHERS
Nathan Kelly,Abuja,OTHERS
Olivia Compton,Lagos,Lagos
Jared Campos,Lagos,Lagos
Isaiah Gould,Ondo,OTHERS
Christian Perry,Oyo,OTHERS
Nancy Garcia,Ondo,OTHERS
Joshua Burns,Kwara,OTHERS
Valerie Fisher,Oyo,OTHERS
Marie Cabrera,Lagos,Lagos
Joshua Phillips,Lagos,Lagos
Sherry Johnson,Lagos,Lagos
Brian Robinson,Abuja,OTHERS
Erik Walsh,Kwara,OTHERS
Michael Jacobs,Ondo,OTHERS
Dr. Jamie Aguirre MD,Kwara,OTHERS
Robert Thomas,Oyo,OTHERS
Makayla Frederick,Ondo,OTHERS
Selena Carter,Cross River,OTHERS
Tamara Bernard,Lagos,Lagos
Calvin King,Oyo,OTHERS
Alyssa Bradley,Oyo,OTHERS
Sarah Rivera,Ondo,OTHERS
Timothy Stephens,Ekiti,OTHERS
Matthew Morris,Oyo,OTHERS
Jose Watkins,Ogun,OTHERS
Stephen Robinson,Cross River,OTHERS
Frank Garcia,Abuja,OTHERS
Katie Rose,Kwara,OTHERS
Bridget Hall,Cross River,OTHERS
Isaac Morgan,Oyo,OTHERS
Jeremy Martin,Osun,OTHERS
Jennifer White,Lagos,Lagos
Paula Henderson,Ogun,OTHERS
Brent Soto,Abuja,OTHERS
Lori Davis,Osun,OTHERS
Patricia Shaw,Ekiti,OTHERS
Joseph Randall,Ekiti,OTHERS
Stacy Cabrera,Lagos,Lagos
Cheryl Daniels,Lagos,Lagos
Felicia Nelson,Lagos,Lagos
Laura Moore,Abuja,OTHERS
Amber Sullivan MD,Abuja,OTHERS
Tina Schneider,Osun,OTHERS
Brenda Davis,Abuja,OTHERS
Frederick Chen,Cross River,OTHERS
Justin Carter,Oyo,OTHERS
Sandra Holmes,Ogun,OTHERS
Sarah Webster,Ekiti,OTHERS
Julie Nguyen,Cross River,OTHERS
Lucas Grant,Ogun,OTHERS
Matthew Humphrey Jr.,Ogun,OTHERS
Taylor Hahn,Abuja,OTHERS
Nathan Hoffman,Osun,OTHERS
Mike Jones,Oyo,OTHERS
Adrienne Peters,Ogun,OTHERS
Gerald Juarez,Lagos,Lagos
Chad Thompson,Lagos,Lagos
Katelyn Wolfe,Ondo,OTHERS
Jessica Williams,Lagos,Lagos
Jennifer Wright,Ekiti,OTHERS
Anthony Miller,Oyo,OTHERS
Betty Hall,Cross River,OTHERS
Rebekah Figueroa,Ondo,OTHERS
Cathy Gilbert,Lagos,Lagos
Victoria Fernandez,Kwara,OTHERS
Tina Smith,Ogun,OTHERS
Lisa Lowe,Ogun,OTHERS
Joseph Flores,Ogun,OTHERS
Joseph Perkins,Kwara,OTHERS
Sarah Carter,Abuja,OTHERS
Christian Vega,Kwara,OTHERS
Jaclyn Douglas,Cross River,OTHERS
David Reeves,Lagos,Lagos
Michael Torres,Ondo,OTHERS
Melissa Chapman,Oyo,OTHERS
Joshua Roberts,Lagos,Lagos
William Maxwell,Lagos,Lagos
Gary Williamson,Abuja,OTHERS
Juan Khan,Lagos,Lagos
Thomas Carlson,Oyo,OTHERS
Thomas Crawford,Lagos,Lagos
Tina Richards,Lagos,Lagos
Aaron Casey,Cross River,OTHERS
John Collins,Ondo,OTHERS
Tami Smith,Ekiti,OTHERS
Calvin Velasquez,Ekiti,OTHERS
Robin Long,Ekiti,OTHERS
Penny King,Oyo,OTHERS
Priscilla Salazar,Ondo,OTHERS
Molly Bowers,Oyo,OTHERS
Melvin Lewis,Ogun,OTHERS
David Vargas,Ekiti,OTHERS
Carol Reilly,Ogun,OTHERS
Katherine Austin,Kwara,OTHERS
Ronnie Davis,Lagos,Lagos
Yvonne Smith,Abuja,OTHERS
Loretta Booker,Abuja,OTHERS
Ricky Harrison,Ekiti,OTHERS
Amanda Robertson,Osun,OTHERS
Troy Woods,Ondo,OTHERS
Dr. Carla Williams,Kwara,OTHERS
Shelly Johnson,Ogun,OTHERS
Tracy Clarke,Osun,OTHERS
Christopher Hernandez,Ekiti,OTHERS
Julie Davis,Ekiti,OTHERS
George Serrano,Lagos,Lagos
Jessica Ryan,Lagos,Lagos
Julie Williams,Ondo,OTHERS
Michelle James,Ogun,OTHERS
Samantha Nguyen,Oyo,OTHERS
Lynn Prince,Ogun,OTHERS
Angela Hester,Kwara,OTHERS
Brian Waters,Kwara,OTHERS
Robert Parker,Ondo,OTHERS
Erik Watts,Cross River,OTHERS
Phillip Burton,Ogun,OTHERS
Shirley Butler,Ekiti,OTHERS
Michael Huff,Abuja,OTHERS
Kevin Porter,Ekiti,OTHERS
Dylan Hooper,Kwara,OTHERS
Brenda Smith,Ekiti,OTHERS
Cynthia Moody,Kwara,OTHERS
Melissa Baker,Kwara,OTHERS
Dr. Ryan Duran,Lagos,Lagos
John Frazier,Ekiti,OTHERS
Terry Hicks,Osun,OTHERS
Alexis Garcia,Oyo,OTHERS
Michael Freeman,Osun,OTHERS
Terry Caldwell,Kwara,OTHERS
Joseph Alexander,Lagos,Lagos
Karla Smith,Kwara,OTHERS
Amy Russell,Cross River,OTHERS
Alec Berg,Ekiti,OTHERS
Adrian Torres,Lagos,Lagos
Michael Bright,Osun,OTHERS
Mary Neal,Kwara,OTHERS
Andrew Wells,Ogun,OTHERS
Rebekah Smith,Ogun,OTHERS
Tara Moore,Ogun,OTHERS
Thomas Williams,Ondo,OTHERS
Blake Skinner,Abuja,OTHERS
Amy Kennedy,Oyo,OTHERS
Angela Farmer,Ondo,OTHERS
Scott Pearson,Ondo,OTHERS
Richard Vang,Lagos,Lagos
Cheryl Armstrong,Ekiti,OTHERS
Matthew Guzman,Osun,OTHERS
Monique Mitchell,Abuja,OTHERS
Tonya Yoder,Kwara,OTHERS
Joseph Oliver,Ogun,OTHERS
Christian Poole,Lagos,Lagos
Cody Cochran,Abuja,OTHERS
Joshua Carr,Oyo,OTHERS
Brooke Chang,Ogun,OTHERS
Kimberly Mendez,Osun,OTHERS
James Holmes,Kwara,OTHERS
James Perez Jr.,Cross River,OTHERS
Christina Jones,Ondo,OTHERS
Jennifer West,Oyo,OTHERS
Kevin Rivera,Cross River,OTHERS
Nicole Jackson,Oyo,OTHERS
Michael Marsh,Lagos,Lagos
Karen White,Ondo,OTHERS
Ronald Rice,Ondo,OTHERS
Bryan Dixon,Ondo,OTHERS
Renee Miller,Oyo,OTHERS
Chloe Boyd,Ondo,OTHERS
Donald Miller,Kwara,OTHERS
Jonathan Myers,Ondo,OTHERS
Angela Clark,Kwara,OTHERS
Sara Caldwell,Ekiti,OTHERS
James Montoya,Osun,OTHERS
Joseph Kim,Osun,OTHERS
Rebekah Fitzgerald,Kwara,OTHERS
Brad Jones,Lagos,Lagos
Jason Jones,Abuja,OTHERS
Edwin Thomas,Ogun,OTHERS
Megan Mcclure,Ekiti,OTHERS
Paul Baker,Ekiti,OTHERS
Connor Campbell,Cross River,OTHERS
Daniel Davis,Ekiti,OTHERS
Linda Williams,Cross River,OTHERS
Jeffrey Hernandez,Kwara,OTHERS
Debbie Dean,Ekiti,OTHERS
Dr. William Meza,Kwara,OTHERS
Lauren Faulkner,Ogun,OTHERS
Elizabeth Hughes,Lagos,Lagos
Michael Chang,Ekiti,OTHERS
Sean Warner,Ondo,OTHERS
Christopher Young,Osun,OTHERS
Sandra Harris,Ondo,OTHERS
Veronica Church,Oyo,OTHERS
Victor Dawson,Ekiti,OTHERS
Shelley Hoffman,Lagos,Lagos
David Sharp,Ondo,OTHERS
Kristen Yang,Ogun,OTHERS
Helen Brown,Oyo,OTHERS
Kathy Rodriguez,Lagos,Lagos
Kimberly Miller,Ogun,OTHERS
Tammy Lawson,Oyo,OTHERS
Michael Noble,Kwara,OTHERS
Kristen Barker,Lagos,Lagos
Tara Peck,Abuja,OTHERS
Deborah Davis,Ogun,OTHERS
Steve Murray,Ekiti,OTHERS
Catherine Valdez,Abuja,OTHERS
Emily Brown,Ondo,OTHERS
Jason Evans,Oyo,OTHERS
Mr. Craig Williams,Oyo,OTHERS
Desiree Wright,Ogun,OTHERS
Ashley Snyder,Ekiti,OTHERS
Julian Bell,Osun,OTHERS
Michael Calhoun,Cross River,OTHERS
Angela Little,Ondo,OTHERS
Danny Giles,Osun,OTHERS
David Gutierrez,Abuja,OTHERS
William Harris,Oyo,OTHERS
Julie Stevens,Abuja,OTHERS
Courtney Farrell,Osun,OTHERS
Tyler Garrett,Osun,OTHERS
Gabriela Turner,Cross River,OTHERS
Matthew Aguilar,Oyo,OTHERS
Dr. Tonya Robinson,Oyo,OTHERS
Katherine Wilson,Kwara,OTHERS
Danielle Stanton,Ekiti,OTHERS
Jessica Thompson,Oyo,OTHERS
Kelli Gutierrez,Abuja,OTHERS
James Evans,Lagos,Lagos
Pamela Love DVM,Osun,OTHERS
Wanda Wise,Oyo,OTHERS
Ms. Kylie Frazier,Cross River,OTHERS
Carol Cherry,Cross River,OTHERS
Brendan Taylor,Ondo,OTHERS
Peggy Holden,Kwara,OTHERS
Heather Summers,Osun,OTHERS
Randall Leblanc,Lagos,Lagos
Laura Braun,Kwara,OTHERS
Ronald Kelley,Ekiti,OTHERS
Danielle Hayes,Ekiti,OTHERS
Shawn Harrison,Cross River,OTHERS
Wesley Barton,Ogun,OTHERS
Melissa Snyder,Cross River,OTHERS
Jeremy Russell,Lagos,Lagos
Michael Smith,Ogun,OTHERS
Elizabeth Johnson,Kwara,OTHERS
Robin Garcia,Oyo,OTHERS
Joseph Dixon,Ogun,OTHERS
Paula Gomez,Oyo,OTHERS
Nicholas Stewart,Lagos,Lagos
Kristy Bautista,Cross River,OTHERS
Kristen Strickland,Kwara,OTHERS
Melissa Rush,Kwara,OTHERS
Lindsay Brown,Kwara,OTHERS
Sara Moreno,Cross River,OTHERS
Sarah Kelly,Ogun,OTHERS
Cindy Myers,Kwara,OTHERS
Jerry Cruz,Ekiti,OTHERS
Daniel Gill,Abuja,OTHERS
Johnny Bailey,Lagos,Lagos
Michael Marquez,Osun,OTHERS
Carol Bryan,Osun,OTHERS
Dustin Paul,Oyo,OTHERS
Teresa Chandler,Osun,OTHERS
David Morales,Oyo,OTHERS
Diana Lambert,Lagos,Lagos
Jason Cox,Abuja,OTHERS
Antonio Moore,Ekiti,OTHERS
Rachel Miller,Ogun,OTHERS
Jacqueline Martin,Kwara,OTHERS
Joseph Robinson,Ondo,OTHERS
Robert Williams,Cross River,OTHERS
Jessica Brown,Lagos,Lagos
Samuel Jimenez,Lagos,Lagos
Samantha Reid,Kwara,OTHERS
Wayne Mitchell,Lagos,Lagos
Melissa Williams,Lagos,Lagos
Ryan Hall,Abuja,OTHERS
Michael Murphy,Osun,OTHERS
Michael Smith,Cross River,OTHERS
Michele Adams,Lagos,Lagos
Paula Marquez,Abuja,OTHERS
Brandy Wilkins,Ondo,OTHERS
Daniel Mccarthy,Osun,OTHERS
Carla Brady,Oyo,OTHERS
Joseph White,Osun,OTHERS
Alison Serrano,Osun,OTHERS
Amy Mcclure,Abuja,OTHERS
Craig Thomas,Abuja,OTHERS
Katie Knapp,Oyo,OTHERS
Jason Long,Cross River,OTHERS
Marc Long,Ogun,OTHERS
Joseph Davis,Osun,OTHERS
Jonathan Garcia,Osun,OTHERS
Jennifer Smith,Osun,OTHERS
Megan Colon,Ogun,OTHERS
Alan Watson,Abuja,OTHERS
Deborah Martinez MD,Cross River,OTHERS
Matthew Christensen,Kwara,OTHERS
Frank Logan,Ondo,OTHERS
Jessica Wilson,Ekiti,OTHERS
Faith Hicks,Abuja,OTHERS
Kathy Blake,Osun,OTHERS
Katherine Williamson,Lagos,Lagos
Christina Fox,Ogun,OTHERS
Roy Lucas,Lagos,Lagos
Kara Gomez,Abuja,OTHERS
Makayla Daniels,Lagos,Lagos
Anita Sandoval,Oyo,OTHERS
Derek Larson,Lagos,Lagos
Stephanie Williamson,Ekiti,OTHERS
Rebecca Spencer,Abuja,OTHERS
Robert Gomez,Ogun,OTHERS
Ashley Daugherty,Osun,OTHERS
Terry Fisher,Abuja,OTHERS
James Alexander,Oyo,OTHERS
Bradley Cochran,Ondo,OTHERS
Donna Campbell,Cross River,OTHERS
Rachel Strickland,Ekiti,OTHERS
Scott Gray,Abuja,OTHERS
Brian Irwin,Oyo,OTHERS
Virginia Hooper,Lagos,Lagos
Erica Gray,Ogun,OTHERS
Craig Mills,Ekiti,OTHERS
Jennifer Gonzalez,Osun,OTHERS
John Jones,Abuja,OTHERS
Richard Bowman,Oyo,OTHERS
April Waters,Lagos,Lagos
Eric Farmer,Osun,OTHERS
Rachel Ochoa,Cross River,OTHERS
Jeremy Stevens,Ogun,OTHERS
Michael Scott,Ogun,OTHERS
Samuel Johns,Cross River,OTHERS
Megan Chen,Ekiti,OTHERS
Danielle Fry,Cross River,OTHERS
Jill Jenkins,Abuja,OTHERS
Crystal Murphy,Lagos,Lagos
Mark Garcia,Ogun,OTHERS
Chad Haley,Oyo,OTHERS
Wendy Vargas,Abuja,OTHERS
Richard Mcbride,Kwara,OTHERS
Tiffany Page,Kwara,OTHERS
Deborah Diaz,Abuja,OTHERS
Megan Rocha,Osun,OTHERS
Christina Johnson,Ogun,OTHERS
Rhonda King,Ekiti,OTHERS
Mr. Joseph Barron DDS,Oyo,OTHERS
Alexander Barrett,Abuja,OTHERS
Joe Mcintosh,Ondo,OTHERS
Deborah Ferguson,Cross River,OTHERS
Kimberly Wilson,Kwara,OTHERS
Emily Chang,Ogun,OTHERS
Donna Smith,Ekiti,OTHERS
Jessica Wright,Oyo,OTHERS
Mr. Michael Montes PhD,Ogun,OTHERS
Deanna Mcintosh,Osun,OTHERS
Whitney Pacheco,Lagos,Lagos
Walter James,Ogun,OTHERS
Amanda Adams,Kwara,OTHERS
Austin Cunningham,Oyo,OTHERS
Courtney Brooks,Lagos,Lagos
Brittany Harrison,Osun,OTHERS
Donald Wagner,Ekiti,OTHERS
Joshua Whitaker,Abuja,OTHERS
Donna Armstrong,Ogun,OTHERS
Dawn Woodard,Lagos,Lagos
Jessica Clark,Ogun,OTHERS
Carrie Montes,Ondo,OTHERS
Brandon Taylor,Lagos,Lagos
Thomas Martinez,Ondo,OTHERS
Gail Weaver,Ondo,OTHERS
Alexis Decker,Kwara,OTHERS
Jennifer Miranda,Cross River,OTHERS
Joseph Phillips,Osun,OTHERS
Tiffany Jackson,Lagos,Lagos
Brent Lambert,Ogun,OTHERS
Jennifer Osborn,Osun,OTHERS
Scott Cuevas,Cross River,OTHERS
Kimberly Ruiz,Oyo,OTHERS
Michelle Gomez,Ekiti,OTHERS
Dominique Mendoza,Lagos,Lagos
Christina Andersen MD,Kwara,OTHERS
Matthew Nolan,Kwara,OTHERS
Joseph Mitchell,Ekiti,OTHERS
Victor Odonnell,Oyo,OTHERS
David Willis,Kwara,OTHERS
Patrick Murray,Kwara,OTHERS
Victoria Love,Lagos,Lagos
Christine Perez,Ogun,OTHERS
Katrina Mitchell,Ondo,OTHERS
Dawn Anderson,Ekiti,OTHERS
Kevin Mcpherson,Ondo,OTHERS
Eric Jones,Osun,OTHERS
Savannah Hall,Oyo,OTHERS
Mr. Ryan Sloan,Oyo,OTHERS
Susan Johnston,Oyo,OTHERS
Stacey Schmidt,Oyo,OTHERS
Ashley Fisher,Cross River,OTHERS
Omar Harvey,Kwara,OTHERS
David Wiggins,Ekiti,OTHERS
Amanda Hickman,Lagos,Lagos
Christopher Thompson,Ekiti,OTHERS
Austin Jones,Ondo,OTHERS
Helen Brady,Osun,OTHERS
Joshua Bradley,Lagos,Lagos
Henry Riley,Ogun,OTHERS
Cody Hart,Cross River,OTHERS
Stacey Davis,Cross River,OTHERS
Taylor Chambers,Kwara,OTHERS
Jose Kirk,Ekiti,OTHERS
Matthew Freeman,Kwara,OTHERS
Jennifer Alvarado,Kwara,OTHERS
Misty Jimenez,Ekiti,OTHERS
Nathaniel Hansen,Oyo,OTHERS
Abigail Hawkins,Osun,OTHERS
Shannon Davis,Ogun,OTHERS
Deborah Mitchell,Oyo,OTHERS
Brian Price,Cross River,OTHERS
Brianna Lewis,Oyo,OTHERS
Michelle Jenkins,Lagos,Lagos
Logan Porter MD,Osun,OTHERS
Jennifer Phillips,Ondo,OTHERS
Danielle Mclean,Oyo,OTHERS
Teresa Wright,Lagos,Lagos
Sarah Adams,Abuja,OTHERS
Phillip Rhodes,Ondo,OTHERS
Carlos Torres,Abuja,OTHERS
Christopher Ferguson,Lagos,Lagos
Devon Turner,Osun,OTHERS
John Boyd,Lagos,Lagos
Michael Evans,Abuja,OTHERS
Amanda Olson,Oyo,OTHERS
William Price,Lagos,Lagos
Mr. Christopher Robertson,Ekiti,OTHERS
Brandon Horton,Ekiti,OTHERS
Krystal Reeves,Ekiti,OTHERS
Anthony Davis,Osun,OTHERS
Jason Herman,Abuja,OTHERS
Sydney Schultz,Cross River,OTHERS
Norman Lambert,Ondo,OTHERS
Lisa Luna,Abuja,OTHERS
Russell Fernandez,Ekiti,OTHERS
Jennifer Williamson,Abuja,OTHERS
Melissa Lewis,Ogun,OTHERS
Cheryl Hamilton,Osun,OTHERS
Susan Porter,Abuja,OTHERS
Andrea Rivera,Ondo,OTHERS
Briana Pope,Oyo,OTHERS
Perry Gill,Ogun,OTHERS
Darin Kennedy,Ogun,OTHERS
Matthew Barnes,Kwara,OTHERS
Ashley Smith,Ondo,OTHERS
Martha Hernandez,Kwara,OTHERS
Christopher Zamora,Cross River,OTHERS
Kelly Smith,Abuja,OTHERS
Mitchell Fuller,Ogun,OTHERS
Rebecca Kennedy,Ekiti,OTHERS
Thomas Lynch,Oyo,OTHERS
Chad Rosario,Ogun,OTHERS
Christopher Walker,Ogun,OTHERS
Caleb Case,Ekiti,OTHERS
Jill Thompson,Cross River,OTHERS
Christina Phillips,Ondo,OTHERS
Denise Fernandez,Ondo,OTHERS
Tyler Brown,Ekiti,OTHERS
Jamie Ramirez,Osun,OTHERS
Brittany Watson,Ekiti,OTHERS
Bailey Mcmahon,Lagos,Lagos
Tiffany Davis,Osun,OTHERS
Anita Anthony,Abuja,OTHERS
Julie Rodgers,Cross River,OTHERS
Holly Bailey,Ekiti,OTHERS
Julie Murphy,Ogun,OTHERS
Michael Perez,Oyo,OTHERS
Dr. Mathew Garcia,Oyo,OTHERS
Travis Moreno,Abuja,OTHERS
Brandon Vargas,Ekiti,OTHERS
Robert Burgess,Ondo,OTHERS
Jeremy Wilson,Ogun,OTHERS
Jennifer Martin,Kwara,OTHERS
Joshua Montgomery,Ekiti,OTHERS
Amber Henry,Abuja,OTHERS
Rachel Dillon,Osun,OTHERS
John Reynolds,Cross River,OTHERS
Brian Gutierrez,Kwara,OTHERS
Joanna Bishop,Osun,OTHERS
Monica Barnes,Lagos,Lagos
Robert Wheeler,Oyo,OTHERS
Jason Foster,Cross River,OTHERS
Mr. Chad York,Oyo,OTHERS
Wendy Thomas,Oyo,OTHERS
Katherine Foster,Ogun,OTHERS
Kathleen Shaw,Oyo,OTHERS
Bradley Williams,Ogun,OTHERS
Michael Freeman,Kwara,OTHERS
Megan Rivera,Osun,OTHERS
John Figueroa,Ondo,OTHERS
Corey Pacheco,Ekiti,OTHERS
Courtney Garcia,Osun,OTHERS
Jeffrey Dickerson,Lagos,Lagos
Clinton Harper,Lagos,Lagos
Dawn Reed,Ondo,OTHERS
Scott Swanson,Ondo,OTHERS
Pamela White,Ekiti,OTHERS
Brooke Waters,Ogun,OTHERS
James Davis,Lagos,Lagos
Anthony Wilson,Cross River,OTHERS
Sarah Wright,Ekiti,OTHERS
John Smith,Ekiti,OTHERS
Shelly Frazier MD,Abuja,OTHERS
Tina Hill,Ogun,OTHERS
Larry Jones PhD,Ekiti,OTHERS
Scott Moore,Ogun,OTHERS
Jodi Beltran,Kwara,OTHERS
Steven Glass,Ogun,OTHERS
Kim Ferrell DDS,Ekiti,OTHERS
Eric Kaiser,Ekiti,OTHERS
Lisa Davis,Lagos,Lagos
Rebecca Luna,Oyo,OTHERS
Julia Wolfe,Ondo,OTHERS
Nicole Klein,Lagos,Lagos
David Sawyer,Kwara,OTHERS
Sydney Green,Cross River,OTHERS
Courtney Webb,Ogun,OTHERS
Tara Livingston,Cross River,OTHERS
Lindsay Jackson,Osun,OTHERS
Kimberly Howard,Ekiti,OTHERS
Danny Lee,Osun,OTHERS
Krystal Park,Ondo,OTHERS
Gerald White,Kwara,OTHERS
Mrs. Emily Smith,Ondo,OTHERS
James Morgan,Cross River,OTHERS
Michelle Williams,Oyo,OTHERS
John Fuentes,Abuja,OTHERS
Jason Banks,Abuja,OTHERS
Lauren Gonzalez,Ondo,OTHERS
Michele Brown,Osun,OTHERS
Tara Cole,Ondo,OTHERS
Matthew Garcia,Ogun,OTHERS
Dr. Emma Luna,Kwara,OTHERS
Gary Ball,Ogun,OTHERS
Sabrina Anderson,Abuja,OTHERS
Lisa Gutierrez,Kwara,OTHERS
John Walker,Oyo,OTHERS
Jesse Lee,Osun,OTHERS
Linda Rodriguez,Oyo,OTHERS
Carlos Freeman,Oyo,OTHERS
Frances Young,Cross River,OTHERS
Mary Harris,Cross River,OTHERS
Alexander Wade,Ekiti,OTHERS
Terry Huerta,Lagos,Lagos
Benjamin Bolton,Oyo,OTHERS
Jorge Gilbert,Ekiti,OTHERS
Tyrone Smith,Cross River,OTHERS
Jason Alvarado,Cross River,OTHERS
Gregory Brown,Oyo,OTHERS
John Manning Jr.,Ogun,OTHERS
Charles Brown,Osun,OTHERS
Courtney Holloway,Abuja,OTHERS
Susan Vega,Ondo,OTHERS
Joseph Young,Kwara,OTHERS
Amy Oliver,Ondo,OTHERS
Tracie Reed,Cross River,OTHERS
Denise Burns,Lagos,Lagos
Colleen Gould DVM,Oyo,OTHERS
Deanna Ferguson,Oyo,OTHERS
Sandra Robinson,Ondo,OTHERS
Derek Lewis,Ogun,OTHERS
Paula Lopez,Ekiti,OTHERS
John Johnson,Kwara,OTHERS
Jason Guzman,Lagos,Lagos
Benjamin Schmidt,Ondo,OTHERS
Jennifer Schwartz,Abuja,OTHERS
Paul Ochoa,Kwara,OTHERS
Stacy Lawson,Ekiti,OTHERS
Patrick Powers,Ogun,OTHERS
Kelly Stanley,Ogun,OTHERS
Frederick Kim,Cross River,OTHERS
Janet Long,Cross River,OTHERS
Ryan Bell,Lagos,Lagos
Kevin Holland,Ekiti,OTHERS
Shelley Anderson,Oyo,OTHERS
Andrew Barnes,Abuja,OTHERS
Stephanie Austin,Abuja,OTHERS
Kimberly Brown,Kwara,OTHERS
Benjamin Shaffer,Ekiti,OTHERS
Mr. Paul Rhodes,Ondo,OTHERS
Shawn Chen,Oyo,OTHERS
Gavin Ellis,Ondo,OTHERS
Isaiah Hernandez,Ekiti,OTHERS
Kevin Little,Oyo,OTHERS
Daniel Joyce,Ogun,OTHERS
Brian Black,Kwara,OTHERS
Thomas Smith,Ondo,OTHERS
Dominique Lucas,Lagos,Lagos
Andrea Vazquez,Kwara,OTHERS
Jennifer Becker,Ondo,OTHERS
Jeffery Coleman,Cross River,OTHERS
Jennifer Choi,Oyo,OTHERS
Amanda Schaefer,Ekiti,OTHERS
Susan Brown,Osun,OTHERS
Melissa Johnson,Ondo,OTHERS
Bianca Warren,Ogun,OTHERS
Keith Spears,Lagos,Lagos
Brian Acevedo,Abuja,OTHERS
Gary Wilson,Ondo,OTHERS
George Williams,Cross River,OTHERS
Molly Wood,Cross River,OTHERS
Mary Carter,Cross River,OTHERS
Kevin Franco,Lagos,Lagos
Joel Johnson PhD,Kwara,OTHERS
Gregory Moore,Ogun,OTHERS
Timothy Bell,Ondo,OTHERS
Earl Fernandez,Cross River,OTHERS
Stephen Williams,Kwara,OTHERS
Courtney Medina,Kwara,OTHERS
Tommy Green,Cross River,OTHERS
Alexander Ward,Abuja,OTHERS
Courtney Baker,Ekiti,OTHERS
Shannon Harris,Ekiti,OTHERS
Joseph Spencer,Lagos,Lagos
Mary Osborne,Osun,OTHERS
Derrick Johnson,Abuja,OTHERS
Frank Garcia,Kwara,OTHERS
Michael Martinez,Lagos,Lagos
Karen Larson,Ekiti,OTHERS
Melissa Gates,Ondo,OTHERS
Eric Coleman,Kwara,OTHERS
Dr. Tyler Ross,Abuja,OTHERS
Jared Nguyen,Kwara,OTHERS
Holly Gomez,Ogun,OTHERS
David Roy,Lagos,Lagos
Joshua Flores,Ogun,OTHERS
Richard Young,Ondo,OTHERS
Patricia Holloway,Kwara,OTHERS
Christopher Lowery,Abuja,OTHERS
Logan Jones,Abuja,OTHERS
Dr. Kenneth Collins,Ondo,OTHERS
Vicki Smith,Cross River,OTHERS
Amanda Bennett,Oyo,OTHERS
Timothy Sandoval,Osun,OTHERS
Mark Andrews,Lagos,Lagos
Lauren Mcdonald,Kwara,OTHERS
Desiree Proctor,Oyo,OTHERS
Cindy Soto,Osun,OTHERS
Larry Conway,Ekiti,OTHERS
Mrs. Michele Weaver,Ogun,OTHERS
Victoria Peterson,Ekiti,OTHERS
Wesley Richards,Oyo,OTHERS
Becky Andrews,Cross River,OTHERS
Sandra Holt,Kwara,OTHERS
Charles Watson,Abuja,OTHERS
Steven Ortiz,Kwara,OTHERS
Eric Galloway,Cross River,OTHERS
James Smith,Abuja,OTHERS
Teresa Wong,Ogun,OTHERS
Robert Nelson,Abuja,OTHERS
William Hogan,Kwara,OTHERS
Tammy Rios,Cross River,OTHERS
Erika Duncan,Kwara,OTHERS
Patty Savage,Lagos,Lagos
Larry Rivera,Ogun,OTHERS
Joseph Barron,Kwara,OTHERS
Jessica Smith,Abuja,OTHERS
Kevin Byrd,Kwara,OTHERS
Annette Stewart,Cross River,OTHERS
Amber Hawkins,Ogun,OTHERS
Shelia Grant,Oyo,OTHERS
Jeremy Mercer,Oyo,OTHERS
Mariah Chen,Cross River,OTHERS
Paul Thomas,Abuja,OTHERS
Gabriella Garza,Lagos,Lagos
Richard Johnston,Oyo,OTHERS
Glenn Stevens,Kwara,OTHERS
Tonya Diaz,Abuja,OTHERS
Sarah Green,Oyo,OTHERS
Matthew Schmidt,Osun,OTHERS
Rita Williams,Oyo,OTHERS
Jonathan Harris,Kwara,OTHERS
Pamela Roman,Osun,OTHERS
Brian Olson,Osun,OTHERS
Shane Robbins,Ekiti,OTHERS
Kimberly Walker,Ogun,OTHERS
Patricia Mitchell,Osun,OTHERS
Sharon Duffy,Ekiti,OTHERS
Tanya Freeman,Ogun,OTHERS
Elijah Dodson MD,Lagos,Lagos
Aaron Wagner,Oyo,OTHERS
Andrea Williams,Cross River,OTHERS
Annette King,Ekiti,OTHERS
Joshua Burnett,Osun,OTHERS
Thomas Gutierrez,Cross River,OTHERS
Victoria Kelly,Ekiti,OTHERS
Gina Gentry,Abuja,OTHERS
Daniel Bush,Lagos,Lagos
Calvin Lawson,Abuja,OTHERS
Dana Townsend,Ekiti,OTHERS
Amber Chapman,Lagos,Lagos
Anita Gaines,Ondo,OTHERS
Mr. Jerry Roberts,Kwara,OTHERS
Joshua Owen,Ekiti,OTHERS
Jeffrey Thompson,Lagos,Lagos
Shane Robinson,Ogun,OTHERS
Jason Rogers,Ekiti,OTHERS
Dr. Crystal Diaz,Ekiti,OTHERS
Michael Nielsen,Osun,OTHERS
Kayla Shaw,Oyo,OTHERS
Kelly Parker,Ekiti,OTHERS
Kelly Frost,Kwara,OTHERS
Juan Gill,Ogun,OTHERS
Brian Smith,Osun,OTHERS
Sandra Hill,Ondo,OTHERS
Robert Morse,Ekiti,OTHERS
Robert Olson,Kwara,OTHERS
Cathy Taylor,Kwara,OTHERS
Nicole Salas,Lagos,Lagos
Mark Stewart,Cross River,OTHERS
Jodi Jackson,Kwara,OTHERS
Kevin Clark,Lagos,Lagos
Lindsey Newman,Kwara,OTHERS
Jacob Williams,Osun,OTHERS
Jordan Tucker,Ogun,OTHERS
Amber Chaney,Cross River,OTHERS
Casey Liu,Kwara,OTHERS
Edward Johnson,Cross River,OTHERS
Eric Miller,Ondo,OTHERS
Stephanie Williams,Oyo,OTHERS
Seth Duncan,Lagos,Lagos
Dylan Freeman,Ekiti,OTHERS
James Simmons,Oyo,OTHERS
Sean Jones,Ogun,OTHERS
Caitlyn Vazquez,Abuja,OTHERS
Kenneth Johnson,Ondo,OTHERS
Kelly Howard,Ondo,OTHERS
Samuel White,Ondo,OTHERS
Jacob Norris,Oyo,OTHERS
Jason Chen,Abuja,OTHERS
Briana Mcguire,Kwara,OTHERS
Melissa Allen,Lagos,Lagos
Jessica Young,Abuja,OTHERS
Joanna Ramsey,Ekiti,OTHERS
Abigail Flynn,Kwara,OTHERS
John Clayton,Oyo,OTHERS
Kristopher Franklin,Osun,OTHERS
Peter Jacobs,Lagos,Lagos
Kenneth Solis,Kwara,OTHERS
Randy Carney,Oyo,OTHERS
Gabriella Burns,Lagos,Lagos
Sierra Browning,Ogun,OTHERS
Albert Powers,Oyo,OTHERS
Aaron Lopez,Kwara,OTHERS
Ashley Hernandez,Ondo,OTHERS
William Ortiz,Osun,OTHERS
Maria Taylor,Abuja,OTHERS
Kimberly Harris,Oyo,OTHERS
Lisa Dixon,Kwara,OTHERS
Donald Potts,Lagos,Lagos
William Thomas,Osun,OTHERS
Christine Knight,Ondo,OTHERS
Nicole Banks,Cross River,OTHERS
Jessica Medina,Ondo,OTHERS
Jennifer Johnson,Abuja,OTHERS
Emily Scott,Ekiti,OTHERS
Amber Curry,Lagos,Lagos
John Pearson,Ogun,OTHERS
Michelle Oneill,Ekiti,OTHERS
Lance Webb,Ekiti,OTHERS
Gary Sanchez,Cross River,OTHERS
Zachary Mendoza,Ogun,OTHERS
Jeffrey Wilson,Abuja,OTHERS
Cheryl Cline,Cross River,OTHERS
Derrick Rivera,Kwara,OTHERS
Julie Graham,Ogun,OTHERS
Thomas Morton,Abuja,OTHERS
Benjamin Moreno,Ogun,OTHERS
Aaron Gutierrez,Abuja,OTHERS
Jason Pierce,Ogun,OTHERS
Tracy Arnold,Oyo,OTHERS
Donna Pineda,Osun,OTHERS
Jessica Herring,Ondo,OTHERS
Gerald Smith,Kwara,OTHERS
Alexis Zuniga,Ekiti,OTHERS
Elizabeth Robinson,Osun,OTHERS
Hector Trevino MD,Abuja,OTHERS
Robert Patrick,Cross River,OTHERS
Michael Hunt,Oyo,OTHERS
Brandi Cole,Ogun,OTHERS
Laura Rodriguez MD,Kwara,OTHERS
Paige Garrett,Oyo,OTHERS
Julie Doyle,Ondo,OTHERS
Joseph Lopez,Ondo,OTHERS
Cody Greene,Oyo,OTHERS
Megan Davis,Ondo,OTHERS
Kevin Perez,Ogun,OTHERS
Jonathan Harvey,Cross River,OTHERS
Pam Maynard,Oyo,OTHERS
Karina Mcdaniel,Osun,OTHERS
Mark Parsons,Osun,OTHERS
Marilyn Hernandez,Ogun,OTHERS
Jordan Gonzalez,Ekiti,OTHERS
Kristina David,Ogun,OTHERS
Dr. Corey Ford,Abuja,OTHERS
Matthew Taylor,Lagos,Lagos
Justin Peterson,Ondo,OTHERS
Joshua Jones,Oyo,OTHERS
Amy Dean,Ogun,OTHERS
Kathy Abbott,Kwara,OTHERS
Danielle Davis,Abuja,OTHERS
John Kramer,Kwara,OTHERS
Scott Hall,Abuja,OTHERS
Abigail Lozano,Ekiti,OTHERS
Jennifer Coleman,Kwara,OTHERS
Joseph Bryant,Ekiti,OTHERS
Eugene Howard,Osun,OTHERS
Karen Mcclain,Abuja,OTHERS
Juan Powell,Cross River,OTHERS
John Davis,Oyo,OTHERS
William Moore,Cross River,OTHERS
Keith Young,Ekiti,OTHERS
Thomas Nguyen,Ekiti,OTHERS
Justin Williams,Ondo,OTHERS
Molly Goodwin,Lagos,Lagos
William Whitney DDS,Abuja,OTHERS
Jeffrey Parrish,Lagos,Lagos
Charles Key,Ekiti,OTHERS
Brandon Gomez,Lagos,Lagos
Danielle Richardson,Oyo,OTHERS
Shirley Smith,Oyo,OTHERS
Ricardo Marks,Kwara,OTHERS
Marisa Jones,Ondo,OTHERS
Renee Torres,Lagos,Lagos
Anthony Fletcher,Abuja,OTHERS
Cynthia Brown,Lagos,Lagos
Christine Ortiz,Ogun,OTHERS
Eric Mays,Oyo,OTHERS
Samuel Morales,Cross River,OTHERS
Richard Bond,Ondo,OTHERS
Stacey Williams,Abuja,OTHERS
Nicholas Dunn,Ondo,OTHERS
Greg Jackson,Cross River,OTHERS
Joseph Gilbert,Ekiti,OTHERS
Beth Martinez,Oyo,OTHERS
Sharon Kelly,Osun,OTHERS
Erika Norris,Ondo,OTHERS
Michael Mendez,Ogun,OTHERS
Mark Young,Oyo,OTHERS
Logan Jefferson,Oyo,OTHERS
Shane Mitchell,Osun,OTHERS
Susan Shaw,Abuja,OTHERS
Amanda Wiggins,Kwara,OTHERS
Sherry Ramirez,Kwara,OTHERS
James Daniel,Oyo,OTHERS
Allison Kemp,Oyo,OTHERS
Dennis Ross,Ogun,OTHERS
Julia Wells,Kwara,OTHERS
Justin Lindsey,Ondo,OTHERS
George Frank,Ekiti,OTHERS
Deborah Castillo,Cross River,OTHERS
Benjamin Dodson,Cross River,OTHERS
Meghan Gaines,Oyo,OTHERS
Cathy Smith,Lagos,Lagos
Whitney Bell,Ekiti,OTHERS
Breanna Bailey,Lagos,Lagos
Timothy Delgado,Cross River,OTHERS
John Swanson,Kwara,OTHERS
Jennifer Boyd,Ogun,OTHERS
Brenda May,Osun,OTHERS
Joseph Nixon,Cross River,OTHERS
Logan Rich,Kwara,OTHERS
Gabriel Gray,Abuja,OTHERS
Rhonda Sullivan,Abuja,OTHERS
John Johnson,Ondo,OTHERS
Kimberly Watson,Ekiti,OTHERS
Michael Mitchell,Ekiti,OTHERS
Kristen Summers,Lagos,Lagos
Lance Hodge,Lagos,Lagos
Sherry Flores,Ogun,OTHERS
Kelly Christensen,Osun,OTHERS
James Barker,Cross River,OTHERS
Gregory Raymond,Ondo,OTHERS
Paul Schaefer,Ondo,OTHERS
Lawrence Conner,Ekiti,OTHERS
Whitney Howard,Abuja,OTHERS
Selena Mitchell,Ogun,OTHERS
Christian Mccormick MD,Kwara,OTHERS
Amber Ramirez,Ekiti,OTHERS
Lisa Edwards,Cross River,OTHERS
Nichole Weiss,Cross River,OTHERS
Cesar Davis,Oyo,OTHERS
Steven Dickerson,Ondo,OTHERS
Angela Johnson,Cross River,OTHERS
Marissa Chang,Abuja,OTHERS
Susan Kelley MD,Osun,OTHERS
Susan Torres,Ondo,OTHERS
Walter Fitzgerald,Ondo,OTHERS
Jessica Wolf,Lagos,Lagos
Katherine Pearson,Kwara,OTHERS
Joshua Goodman,Osun,OTHERS
Amy Goodman,Cross River,OTHERS
Michael Massey,Abuja,OTHERS
Amanda Thompson,Kwara,OTHERS
David Patel,Osun,OTHERS
Colleen Smith,Ekiti,OTHERS
Tina Brown,Ekiti,OTHERS
Matthew Meza,Osun,OTHERS
Philip Fowler,Ogun,OTHERS
Erin Lopez,Cross River,OTHERS
Dawn Cunningham,Abuja,OTHERS
Nicole Collins,Osun,OTHERS
Joanne Anderson,Abuja,OTHERS
Jessica Sanders,Ogun,OTHERS
John Bennett,Abuja,OTHERS
Margaret Stafford,Ekiti,OTHERS
Juan Spencer,Ondo,OTHERS
William Matthews,Abuja,OTHERS
Jessica Castro,Lagos,Lagos
Daniel Mann,Ondo,OTHERS
Dawn Hess,Ogun,OTHERS
Jason Diaz,Ogun,OTHERS
Richard Hernandez,Kwara,OTHERS
Sonya Henry,Kwara,OTHERS
Kevin Gardner,Ogun,OTHERS
Brian Thomas,Kwara,OTHERS
Lisa Hamilton,Ogun,OTHERS
Julia Cervantes,Oyo,OTHERS
Frank Mccormick,Kwara,OTHERS
Jerry Nolan,Cross River,OTHERS
Grant Duran,Cross River,OTHERS
Joshua Crane,Cross River,OTHERS
William Fletcher,Abuja,OTHERS
Christina Richard,Ogun,OTHERS
Joseph Floyd,Kwara,OTHERS
Stephanie Whitaker,Lagos,Lagos
Dawn Delgado,Ogun,OTHERS
Ashley Mann,Ogun,OTHERS
Madeline Martin,Abuja,OTHERS
Mary Peters,Ogun,OTHERS
Jason Robertson,Ondo,OTHERS
Martha Morgan,Abuja,OTHERS
Nicole Andrews,Osun,OTHERS
Lauren Thomas,Lagos,Lagos
Benjamin Gilbert,Ekiti,OTHERS
Shawn Bullock,Ekiti,OTHERS
Dean Jones,Oyo,OTHERS
Shelley Woods,Osun,OTHERS
Patrick Arnold,Cross River,OTHERS
Melinda Lewis,Ondo,OTHERS
Lisa Kent,Ogun,OTHERS
Mary Fox,Kwara,OTHERS
Mary Patel,Kwara,OTHERS
Jeremy Sanchez,Ekiti,OTHERS
Geoffrey Weaver,Oyo,OTHERS
Lori Arnold,Oyo,OTHERS
Ryan Duke,Ekiti,OTHERS
Kenneth Walker,Lagos,Lagos
Brian Brown,Osun,OTHERS
Monica Vance,Abuja,OTHERS
Mark Velasquez,Ondo,OTHERS
Jenna May,Ondo,OTHERS
Donna Moreno,Kwara,OTHERS
Regina Mitchell,Ondo,OTHERS
Angela Green,Oyo,OTHERS
John Ortiz,Osun,OTHERS
Stephen Gonzalez,Cross River,OTHERS
Joanne Hernandez,Ekiti,OTHERS
Carol Roberts,Abuja,OTHERS
Kristen Frank,Oyo,OTHERS
Danielle Bowen,Kwara,OTHERS
Peter Hall,Oyo,OTHERS
Corey Brown,Ondo,OTHERS
Steven Patton,Ekiti,OTHERS
Jessica Rice,Kwara,OTHERS
Anthony Mcclain,Lagos,Lagos
Brenda Bowers,Ogun,OTHERS
Kyle Hudson,Oyo,OTHERS
Anna Stewart,Abuja,OTHERS
Rhonda Stevens,Oyo,OTHERS
Phillip Gonzalez,Oyo,OTHERS
Jennifer Gonzalez,Ondo,OTHERS
Amanda Galvan,Ekiti,OTHERS
Gregory Bradshaw,Kwara,OTHERS
Laura Anderson,Ekiti,OTHERS
Adam Cooper,Kwara,OTHERS
Nicholas Mckinney,Osun,OTHERS
Dean Bryant,Kwara,OTHERS
Corey Scott,Ogun,OTHERS
Jorge Montes,Kwara,OTHERS
Michael Barrett,Cross River,OTHERS
Christopher Wright,Ondo,OTHERS
Cindy Morales,Ondo,OTHERS
Rodney Jensen,Ekiti,OTHERS
Christy Lopez,Lagos,Lagos
Kelsey Wilson,Cross River,OTHERS
Denise Hurley,Ogun,OTHERS
Allison Russell,Ogun,OTHERS
Carlos Howard,Oyo,OTHERS
Chad Wells,Ogun,OTHERS
Michael Jones,Ogun,OTHERS
Jessica Wolfe,Ondo,OTHERS
Patricia Williams,Oyo,OTHERS
Jasmine Spears,Kwara,OTHERS
Andrew Smith,Ogun,OTHERS
Anthony Hernandez,Lagos,Lagos
Mr. Jordan Parsons DDS,Kwara,OTHERS
Keith Long,Oyo,OTHERS
Brent Wood,Lagos,Lagos
Shelly Castillo,Ekiti,OTHERS
Brian Davis,Ondo,OTHERS
Julie Stanley,Lagos,Lagos
Melissa Jones,Oyo,OTHERS
Amber Cooper,Ekiti,OTHERS
Matthew Wilson,Abuja,OTHERS
Tiffany Bailey,Ogun,OTHERS
Christopher Gross,Ondo,OTHERS
Tiffany Anderson,Ekiti,OTHERS
Steven Brown,Osun,OTHERS
Jesse Hardy,Osun,OTHERS
Victoria Elliott,Ekiti,OTHERS
Madison Smith,Abuja,OTHERS
Jennifer Jones,Ondo,OTHERS
Eddie Huynh,Abuja,OTHERS
Heather Rodriguez,Ekiti,OTHERS
Madison Schmidt,Osun,OTHERS
Eugene Rivera,Ogun,OTHERS
Daniel Ayala,Osun,OTHERS
Patricia Oliver,Ekiti,OTHERS
Patricia Hayes,Ekiti,OTHERS
Mr. William Larsen Jr.,Oyo,OTHERS
Michael Arnold,Ekiti,OTHERS
Kimberly Sutton,Ondo,OTHERS
Joseph Velasquez,Ekiti,OTHERS
Samantha Brooks,Lagos,Lagos
Jennifer Adkins,Ogun,OTHERS
Jill Kramer,Cross River,OTHERS
Jane Gates,Cross River,OTHERS
Susan Jones,Osun,OTHERS
Jeffrey Collins,Cross River,OTHERS
Sophia Bartlett,Ekiti,OTHERS
John Wood,Ekiti,OTHERS
Jose Davis,Ogun,OTHERS
Richard Perez,Oyo,OTHERS
Jason Adams,Lagos,Lagos
Tracie Cooper,Oyo,OTHERS
Gabriel Lewis,Ekiti,OTHERS
Megan Thornton,Ekiti,OTHERS
Alyssa Chavez,Ogun,OTHERS
Larry Jones,Ondo,OTHERS
Denise Wright,Ogun,OTHERS
Joann Johnson,Oyo,OTHERS
Dawn Davis,Cross River,OTHERS
Robert Graham,Ondo,OTHERS
Tyler Brown,Oyo,OTHERS
Melissa Hinton,Oyo,OTHERS
Patrick Walsh,Cross River,OTHERS
Alexis Cooper,Ogun,OTHERS
Tiffany Robbins,Kwara,OTHERS
Mr. Frank White,Osun,OTHERS
Patrick Love,Osun,OTHERS
Sierra Barrera,Oyo,OTHERS
Eric Flowers,Lagos,Lagos
Nicole Baker,Ogun,OTHERS
Sarah Kelly,Osun,OTHERS
Roberta Reynolds,Abuja,OTHERS
Christopher Lewis,Osun,OTHERS
Edward Stewart,Kwara,OTHERS
Stephanie Myers,Ekiti,OTHERS
Mr. Jason Wilkerson,Lagos,Lagos
Sean Hamilton,Ondo,OTHERS
Elizabeth Horton,Oyo,OTHERS
Arthur Davis,Cross River,OTHERS
Sarah Wolfe,Cross River,OTHERS
Robert Gray,Oyo,OTHERS
Julia Huffman,Ekiti,OTHERS
Erica Rogers,Ekiti,OTHERS
Brittany Brown,Cross River,OTHERS
Danielle Hunt,Ekiti,OTHERS
Troy Novak,Oyo,OTHERS
Donald Nunez,Abuja,OTHERS
John Gordon,Lagos,Lagos
Jessica Hinton,Abuja,OTHERS
Renee Dalton,Ekiti,OTHERS
Lawrence Gutierrez Jr.,Kwara,OTHERS
Jennifer Howard,Lagos,Lagos
Henry Todd,Osun,OTHERS
Valerie Maldonado,Abuja,OTHERS
Christine Ballard,Ondo,OTHERS
Karen Boyd,Ondo,OTHERS
Blake Figueroa,Abuja,OTHERS
Keith Flores,Kwara,OTHERS
Robert Roberts,Kwara,OTHERS
Brianna Mcguire,Ekiti,OTHERS
Shirley Gallagher,Cross River,OTHERS
Cynthia Lester,Kwara,OTHERS
Jennifer Camacho,Kwara,OTHERS
Eric Martin,Lagos,Lagos
Susan Watson,Ekiti,OTHERS
Nicole Jackson,Kwara,OTHERS
Laurie Drake,Oyo,OTHERS
Victoria Jordan,Oyo,OTHERS
Matthew Li,Kwara,OTHERS
Christina Guzman,Abuja,OTHERS
Mary Jordan,Abuja,OTHERS
John Mendoza,Osun,OTHERS
Adam Garcia,Lagos,Lagos
Becky Daniels,Abuja,OTHERS
Matthew Johnson,Cross River,OTHERS
Tara Lewis,Cross River,OTHERS
Sheila Downs,Lagos,Lagos
Carmen Rowe,Lagos,Lagos
Ashley Petty,Abuja,OTHERS
Gabrielle Durham,Ekiti,OTHERS
Lori Bell,Oyo,OTHERS
Donna Murphy,Oyo,OTHERS
Paul White,Ekiti,OTHERS
April Brandt,Cross River,OTHERS
Matthew Fernandez,Kwara,OTHERS
Kimberly Collins,Osun,OTHERS
Beth King,Lagos,Lagos
Christine Miranda,Lagos,Lagos
Kent Phelps,Lagos,Lagos
Kristen English,Cross River,OTHERS
Nicole Wright,Osun,OTHERS
Brian Allen,Ogun,OTHERS
Jordan Collins,Oyo,OTHERS
Marcus Bennett,Cross River,OTHERS
Peter Thompson,Ekiti,OTHERS
Edward Carter,Osun,OTHERS
Terry Harris,Ogun,OTHERS
Matthew Johnson,Ondo,OTHERS
Benjamin Daniel,Kwara,OTHERS
Aaron Robinson,Osun,OTHERS
Louis Lawson,Ogun,OTHERS
Catherine Wilson,Ekiti,OTHERS
Valerie Cunningham MD,Abuja,OTHERS
Sharon Cunningham,Ogun,OTHERS
Michelle Chandler,Ondo,OTHERS
Randall Gomez,Ekiti,OTHERS
Antonio Wallace,Cross River,OTHERS
Aaron Michael,Abuja,OTHERS
Marcus Wagner,Oyo,OTHERS
David Roberts,Ekiti,OTHERS
Derrick Moore,Cross River,OTHERS
Alexandra Reynolds,Ogun,OTHERS
Kathleen Hickman,Osun,OTHERS
Renee Butler,Lagos,Lagos
Rita Fowler,Ekiti,OTHERS
Jesse Leonard,Kwara,OTHERS
Stacy Thompson,Ogun,OTHERS
Amber Robertson,Cross River,OTHERS
Dustin Jennings,Kwara,OTHERS
John Moss,Cross River,OTHERS
Angelica Burns,Oyo,OTHERS
Tristan Gentry,Kwara,OTHERS
Allen Harrison,Lagos,Lagos
Christopher Jordan,Kwara,OTHERS
Andrea Williams,Ondo,OTHERS
Michael Kelly,Ondo,OTHERS
Pamela Diaz,Ondo,OTHERS
Allison Martin,Cross River,OTHERS
Mark Owens,Oyo,OTHERS
Michael Mueller,Kwara,OTHERS
Jennifer Bates,Ogun,OTHERS
Chad Elliott DVM,Ondo,OTHERS
James Jordan,Oyo,OTHERS
Stefanie Gilbert,Abuja,OTHERS
Edwin Fisher,Cross River,OTHERS
Paige Carlson,Ogun,OTHERS
Jean Davis,Ekiti,OTHERS
Jerry Hicks,Ekiti,OTHERS
Robert Thompson,Abuja,OTHERS
Patrick Perry,Ogun,OTHERS
Paul Rogers,Cross River,OTHERS
Michael Galloway,Abuja,OTHERS
Dean Martinez,Ogun,OTHERS
Kathleen Burns,Abuja,OTHERS
Jennifer Wagner,Cross River,OTHERS
Anita Keller,Ondo,OTHERS
Andrea Rivera,Lagos,Lagos
Amy Jackson,Abuja,OTHERS
Jose Morton,Lagos,Lagos
Terri Hess,Ondo,OTHERS
Rachel Brown,Kwara,OTHERS
Samantha Livingston,Ondo,OTHERS
Dustin Martinez,Ogun,OTHERS
Cindy Anthony,Ekiti,OTHERS
Paul Manning,Osun,OTHERS
Nicole Clarke,Ekiti,OTHERS
Janet Thompson,Ondo,OTHERS
Denise Palmer,Kwara,OTHERS
Julie Ford,Oyo,OTHERS
Richard Dunn,Ondo,OTHERS
Michael Le,Cross River,OTHERS
David Jackson,Kwara,OTHERS
Daniel Diaz,Oyo,OTHERS
Mark Bowen,Ondo,OTHERS
Mr. Gavin Garner,Ogun,OTHERS
Stephen Hobbs,Oyo,OTHERS
Jeffrey Johnson,Lagos,Lagos
Brittney Kim,Kwara,OTHERS
Laura Swanson,Ekiti,OTHERS
Jason Miller,Abuja,OTHERS
Mrs. Kelli Brown,Ondo,OTHERS
Carrie Jackson,Ondo,OTHERS
Deborah Ortega,Cross River,OTHERS
Bradley Williams,Ekiti,OTHERS
Ryan Gibson,Cross River,OTHERS
Colton Hall,Osun,OTHERS
Amber Walker DVM,Ondo,OTHERS
Olivia Flores,Ondo,OTHERS
Brandon Wolf,Abuja,OTHERS
James Reynolds,Lagos,Lagos
Robert Mcmahon,Osun,OTHERS
Steven Howard,Ekiti,OTHERS
Andrew Chambers,Kwara,OTHERS
Samuel Allen,Abuja,OTHERS
Christina Roberts,Ekiti,OTHERS
Jasmine Scott,Ogun,OTHERS
Amy Martin,Osun,OTHERS
Cindy Abbott,Ogun,OTHERS
Edward Bray,Oyo,OTHERS
Misty Miller,Abuja,OTHERS
Daniel Lawrence,Ekiti,OTHERS
Steven Tran,Ogun,OTHERS
Dr. Christina Lamb,Oyo,OTHERS
Matthew Johnson,Abuja,OTHERS
Eric Howell,Cross River,OTHERS
Mary Hays,Ekiti,OTHERS
Amanda Bowers,Ondo,OTHERS
Rachel Stephens,Ondo,OTHERS
Ryan Moore,Kwara,OTHERS
Scott Pena,Kwara,OTHERS
Michelle Gallagher,Oyo,OTHERS
Jesse Washington,Ogun,OTHERS
Elizabeth Hart,Osun,OTHERS
Marilyn Dorsey,Cross River,OTHERS
Angelica Miller,Lagos,Lagos
Joan Jones,Ogun,OTHERS
Jesus Taylor,Ekiti,OTHERS
Allison Newton,Kwara,OTHERS
Christina Schultz,Kwara,OTHERS
Jake Mccoy,Cross River,OTHERS
Adam Mitchell,Ekiti,OTHERS
Kelsey Anderson,Ondo,OTHERS
Christopher Bowman,Oyo,OTHERS
Cristian Turner,Abuja,OTHERS
Jeffrey Johnson,Lagos,Lagos
Kristina Snyder,Abuja,OTHERS
Joshua Lee,Cross River,OTHERS
Joshua Baker,Oyo,OTHERS
Douglas Smith,Osun,OTHERS
Andrea Garrison,Osun,OTHERS
Maria Riley,Cross River,OTHERS
Brendan Poole,Lagos,Lagos
Erika Woodward,Lagos,Lagos
Danielle Hernandez,Ekiti,OTHERS
Christopher Ross,Ekiti,OTHERS
Jessica Garcia,Cross River,OTHERS
Joseph Perez,Lagos,Lagos
Bailey Lawrence,Ogun,OTHERS
Mary Higgins,Lagos,Lagos
Ashley Adams,Osun,OTHERS
Catherine Glass,Ogun,OTHERS
Breanna Dillon,Cross River,OTHERS
Desiree Simmons,Osun,OTHERS
Sara Price,Abuja,OTHERS
David Allen,Lagos,Lagos
Becky Pittman,Ogun,OTHERS
Linda Martinez,Ogun,OTHERS
Kristin Waller,Oyo,OTHERS
Theresa Howard,Cross River,OTHERS
Angie Stein,Abuja,OTHERS
Stephanie Hurst,Osun,OTHERS
Ms. Leslie Smith,Cross River,OTHERS
Jordan Schmidt,Kwara,OTHERS
Russell Mcdonald,Oyo,OTHERS
Jacob Mitchell,Abuja,OTHERS
Micheal Beltran,Ondo,OTHERS
Christopher Jackson,Abuja,OTHERS
Cynthia Smith,Ekiti,OTHERS
Meredith Lawrence,Cross River,OTHERS
Carla Cummings,Ondo,OTHERS
Lisa Young,Kwara,OTHERS
Yvonne Peterson,Lagos,Lagos
Chad Robertson,Ondo,OTHERS
Noah Smith,Ekiti,OTHERS
John Thompson,Ogun,OTHERS
Mr. Thomas Ryan,Abuja,OTHERS
Louis Ray,Lagos,Lagos
Kaitlin Cooper,Kwara,OTHERS
Kevin Weeks,Oyo,OTHERS
Lori Hernandez,Oyo,OTHERS
Jason Salazar,Ondo,OTHERS
Laura Ramirez,Cross River,OTHERS
Jimmy Phillips,Ondo,OTHERS
Lauren Potter,Osun,OTHERS
Jonathan Ellis,Lagos,Lagos
Jenny Wallace,Cross River,OTHERS
Steven Wilkins,Cross River,OTHERS
Michelle Sanders,Ondo,OTHERS
Amy Gardner,Lagos,Lagos
Kim Moody,Abuja,OTHERS
Tammy Zhang,Ekiti,OTHERS
Christopher Mitchell,Osun,OTHERS
Victoria Wilkinson,Ogun,OTHERS
Theresa Owens,Abuja,OTHERS
Ashley Delgado,Ekiti,OTHERS
Olivia Carey,Oyo,OTHERS
Kevin Austin,Oyo,OTHERS
Lisa Smith,Ondo,OTHERS
Krista Shannon,Cross River,OTHERS
Marissa Montgomery,Abuja,OTHERS
Kim Horton,Ekiti,OTHERS
Jenna Hart,Oyo,OTHERS
Craig Bowen,Abuja,OTHERS
Daniel Roman,Ondo,OTHERS
John Mitchell,Ogun,OTHERS
Sarah Jones,Osun,OTHERS
Derek Leon,Abuja,OTHERS
Kimberly Rodgers,Ogun,OTHERS
Jennifer Perry,Osun,OTHERS
Nicole Johnson,Cross River,OTHERS
Joshua Carter,Ondo,OTHERS
Mary Robbins,Oyo,OTHERS
Ashley Luna,Oyo,OTHERS
Ruben Branch,Kwara,OTHERS
Robert Wright,Cross River,OTHERS
James Castro,Kwara,OTHERS
Michael Reed,Oyo,OTHERS
Jessica Wagner,Abuja,OTHERS
Joanne Aguilar,Oyo,OTHERS
Clarence Figueroa,Ekiti,OTHERS
Michelle Wells,Lagos,Lagos
Cynthia Sanchez,Oyo,OTHERS
Seth Harris,Ogun,OTHERS
Amy Collins,Ogun,OTHERS
Robert Allison,Kwara,OTHERS
Blake Stewart II,Ogun,OTHERS
Shannon Parker,Ondo,OTHERS
Andrea Atkinson,Ekiti,OTHERS
Thomas Griffin,Osun,OTHERS
Gabriella Garcia,Lagos,Lagos
Julia Martinez,Oyo,OTHERS
Kelsey Mays DDS,Ondo,OTHERS
James Duran,Oyo,OTHERS
James Estes,Oyo,OTHERS
Kimberly Thompson,Ogun,OTHERS
Joshua Walker,Kwara,OTHERS
Laurie Russell,Ekiti,OTHERS
Peter Galloway,Cross River,OTHERS
Whitney Goodwin,Oyo,OTHERS
Daniel Walker,Ogun,OTHERS
Adam Sheppard,Lagos,Lagos
Michael Smith,Kwara,OTHERS
Rachael Harvey,Cross River,OTHERS
Mary Neal,Abuja,OTHERS
April Gonzalez,Abuja,OTHERS
Seth Fletcher,Ogun,OTHERS
Laura Salas,Lagos,Lagos
William Sparks,Ogun,OTHERS
Kelsey Moran,Lagos,Lagos
Robert Grant,Osun,OTHERS
Eric Cook,Cross River,OTHERS
Darrell Gregory,Ondo,OTHERS
Jonathan Camacho,Lagos,Lagos
Mark Campbell,Cross River,OTHERS
Sarah Mitchell,Cross River,OTHERS
Ryan Carlson,Osun,OTHERS
Denise Smith,Oyo,OTHERS
Teresa Smith,Osun,OTHERS
Carrie Gray,Kwara,OTHERS
Jonathan Young,Osun,OTHERS
Reginald Burnett,Lagos,Lagos
Crystal Nguyen,Osun,OTHERS
Joseph Evans,Ondo,OTHERS
Cesar Walker,Ondo,OTHERS
Kenneth Powell,Lagos,Lagos
Jackie Robinson,Cross River,OTHERS
Michelle Hall,Abuja,OTHERS
Jason Burnett,Oyo,OTHERS
Paul Clark,Oyo,OTHERS
Holly Anderson,Kwara,OTHERS
Amanda Brooks,Lagos,Lagos
Kimberly Rodriguez,Ekiti,OTHERS
Dylan Wong,Ondo,OTHERS
Charles Wright,Ogun,OTHERS
Michelle Wilson MD,Ogun,OTHERS
Patrick Poole,Ekiti,OTHERS
Thomas Aguilar,Oyo,OTHERS
William Griffith,Abuja,OTHERS
Dr. Bryan Thomas,Lagos,Lagos
Charles George,Ondo,OTHERS
Jason Schwartz DDS,Ogun,OTHERS
Ronald Anderson,Osun,OTHERS
Catherine Garcia,Lagos,Lagos
Jeffrey Castillo,Ogun,OTHERS
Brian Gonzales,Ekiti,OTHERS
Julie Hall,Kwara,OTHERS
Christina Collins,Lagos,Lagos
Ryan Lee,Cross River,OTHERS
Mark Miller,Ondo,OTHERS
Theresa Wagner,Osun,OTHERS
Cindy Williams,Cross River,OTHERS
Michelle Cole,Kwara,OTHERS
Russell Jones,Lagos,Lagos
Jacqueline Olson,Oyo,OTHERS
David Scott,Ekiti,OTHERS
Kristin Navarro,Osun,OTHERS
Michelle Randall,Oyo,OTHERS
Tanya Schmidt,Cross River,OTHERS
Matthew Rivera,Abuja,OTHERS
Mr. Derek Martinez,Cross River,OTHERS
Christina Stewart,Oyo,OTHERS
Paul Walter,Cross River,OTHERS
Janet Jackson,Abuja,OTHERS
Gloria Allen,Abuja,OTHERS
Sandra King,Cross River,OTHERS
Gail Edwards,Osun,OTHERS
David Kim,Kwara,OTHERS
Mark Cuevas,Ogun,OTHERS
Paige Harrison,Osun,OTHERS
Amy Johnson,Ogun,OTHERS
Daniel Thompson,Kwara,OTHERS
Anne Lucero,Ekiti,OTHERS
Russell Holmes MD,Abuja,OTHERS
Debra Scott,Abuja,OTHERS
April Rhodes,Abuja,OTHERS
John Jones,Oyo,OTHERS
Jonathan Dixon,Cross River,OTHERS
Tina Bowen,Osun,OTHERS
Katherine Williams,Oyo,OTHERS
Sean Ramirez,Ogun,OTHERS
Elaine Harper,Ondo,OTHERS
Tara Wright,Osun,OTHERS
Steven Bishop,Abuja,OTHERS
Ryan Barnett,Cross River,OTHERS
Jason Wu,Abuja,OTHERS
Vincent Thomas,Abuja,OTHERS
Kelli Mckenzie,Abuja,OTHERS
Justin Adams,Osun,OTHERS
Dennis Smith,Oyo,OTHERS
George Clark,Abuja,OTHERS
Elizabeth Wood,Kwara,OTHERS
Angela Copeland,Abuja,OTHERS
Ashley Williams,Oyo,OTHERS
Edward Miller,Abuja,OTHERS
Christopher Green,Oyo,OTHERS
Julia Guerrero,Oyo,OTHERS
Marcus Hayes,Ondo,OTHERS
Calvin Dawson,Cross River,OTHERS
John Black,Cross River,OTHERS
Ashley Smith,Lagos,Lagos
Heather Morris,Abuja,OTHERS
Jose Myers,Ogun,OTHERS
Robert Walsh,Ekiti,OTHERS
Joann Sanchez,Kwara,OTHERS
Katherine Allen,Ondo,OTHERS
Kimberly Peterson,Oyo,OTHERS
Christopher Thompson,Kwara,OTHERS
Brett Brown,Ondo,OTHERS
Sierra Grant,Kwara,OTHERS
Nicole Landry,Oyo,OTHERS
Timothy Ramirez,Ogun,OTHERS
Maria Randall,Abuja,OTHERS
Victoria Bright,Ekiti,OTHERS
Joanna Callahan,Ogun,OTHERS
David Anderson,Cross River,OTHERS
Cassandra Prince,Oyo,OTHERS
Sharon Garza,Kwara,OTHERS
Yolanda Morgan,Cross River,OTHERS
Mary Tucker,Abuja,OTHERS
Elizabeth Smith,Oyo,OTHERS
Alyssa Adkins,Ekiti,OTHERS
Jamie Sanders,Ogun,OTHERS
Darryl Macdonald,Lagos,Lagos
Matthew Gibson,Ondo,OTHERS
Yolanda Brown DVM,Cross River,OTHERS
Jacob Mccormick,Ogun,OTHERS
Daniel Kelly,Ogun,OTHERS
Julie Wilson,Abuja,OTHERS
Maureen Hurst,Ekiti,OTHERS
Judith Frazier,Kwara,OTHERS
Robert Long,Cross River,OTHERS
David Ramirez,Ondo,OTHERS
Holly Duncan,Lagos,Lagos
Michelle Monroe,Cross River,OTHERS
Virginia Palmer,Abuja,OTHERS
Antonio Moore,Ekiti,OTHERS
Brian Ortega,Oyo,OTHERS
Christopher Jacobs,Ondo,OTHERS
Timothy Todd,Ekiti,OTHERS
Jeffery Cameron,Osun,OTHERS
Thomas Clay,Oyo,OTHERS
Amber Byrd,Ekiti,OTHERS
James Willis,Ogun,OTHERS
Brendan Harper,Abuja,OTHERS
Michael Calderon,Ogun,OTHERS
Karen Harris,Ondo,OTHERS
Anthony Ali,Osun,OTHERS
Felicia Gonzalez,Ondo,OTHERS
Cynthia Young,Osun,OTHERS
Jeffrey Garcia DDS,Kwara,OTHERS
Jeffrey Murphy,Ogun,OTHERS
Cynthia Scott,Kwara,OTHERS
Lisa Duffy,Lagos,Lagos
Amy Ward,Kwara,OTHERS
Christopher Miller,Abuja,OTHERS
Joshua Camacho,Ondo,OTHERS
Steven Ramos,Kwara,OTHERS
Tina Ross,Kwara,OTHERS
Christina Mcgrath,Ondo,OTHERS
Janet Williams,Abuja,OTHERS
Vanessa Huffman PhD,Cross River,OTHERS
Heather Roberts,Abuja,OTHERS
Jason Hendrix,Abuja,OTHERS
Julie Freeman,Osun,OTHERS
Carrie Spencer,Oyo,OTHERS
Christina Prince,Osun,OTHERS
Megan Castaneda,Abuja,OTHERS
Gary Lewis,Abuja,OTHERS
Eddie Kelly,Oyo,OTHERS
Gloria Edwards,Ekiti,OTHERS
David Clark,Osun,OTHERS
Melissa Barber,Kwara,OTHERS
Richard Lee,Ogun,OTHERS
Hannah Taylor,Osun,OTHERS
Tiffany Cain,Oyo,OTHERS
Roger Padilla,Cross River,OTHERS
Angel Phillips,Oyo,OTHERS
Kevin Mcguire,Lagos,Lagos
Casey Clark,Abuja,OTHERS
Raymond Schaefer,Abuja,OTHERS
Mrs. Mary Riley,Abuja,OTHERS
Darrell Clark,Ogun,OTHERS
Kyle Villanueva,Ekiti,OTHERS
Nicole Douglas,Ondo,OTHERS
Victoria Morris,Lagos,Lagos
Carl Munoz,Kwara,OTHERS
Kenneth Bowers,Oyo,OTHERS
Tyler Peters,Lagos,Lagos
Mark Gonzales,Ogun,OTHERS
Eric Grimes,Lagos,Lagos
Kristine Oconnor,Cross River,OTHERS
Austin Johnson,Kwara,OTHERS
Tommy Nelson,Kwara,OTHERS
Rachel Bentley,Ondo,OTHERS
Kyle Barnett,Ekiti,OTHERS
Kimberly Wolf,Abuja,OTHERS
Ronald Dominguez,Ondo,OTHERS
Dr. Robert Rogers PhD,Osun,OTHERS
Jonathan Simon,Osun,OTHERS
Dustin Lopez,Ogun,OTHERS
Mitchell Wong,Oyo,OTHERS
Brian Mooney,Ogun,OTHERS
Taylor Roberts,Kwara,OTHERS
Kathleen Russell,Abuja,OTHERS
Jerry Sanchez,Kwara,OTHERS
Mary Herman,Abuja,OTHERS
Anthony Johnson,Kwara,OTHERS
Kyle Cole,Osun,OTHERS
Rhonda Roberts,Abuja,OTHERS
Timothy Ramirez,Lagos,Lagos
Tiffany Clarke,Ekiti,OTHERS
Daniel Miller,Lagos,Lagos
Jasmine Reed,Lagos,Lagos
Jacqueline Horton,Abuja,OTHERS
Brittany Valdez,Kwara,OTHERS
Jennifer Orr,Ondo,OTHERS
Caitlin Reed,Oyo,OTHERS
William Peters,Osun,OTHERS
Mariah Boyer,Kwara,OTHERS
Barbara Hernandez,Cross River,OTHERS
Joshua Reyes,Abuja,OTHERS
Darrell Hodge,Ekiti,OTHERS
Jennifer Davis,Lagos,Lagos
Christopher Mills,Ogun,OTHERS
Robert Greer,Kwara,OTHERS
Carrie Taylor,Ondo,OTHERS
Ryan Smith,Lagos,Lagos
Gene Wong,Osun,OTHERS
Raymond Mcclain,Lagos,Lagos
Kenneth Blankenship,Kwara,OTHERS
Paula Carr,Lagos,Lagos
Kevin Williams,Abuja,OTHERS
Joel Smith,Ekiti,OTHERS
Brandon Johnson,Kwara,OTHERS
Kelsey Morgan,Ogun,OTHERS
Laura Harris,Osun,OTHERS
Sharon Love,Ondo,OTHERS
Janice Fisher,Ogun,OTHERS
Joe Skinner,Ogun,OTHERS
Stephanie Taylor,Ogun,OTHERS
Dustin Price,Ogun,OTHERS
Heather Castillo,Abuja,OTHERS
Phillip Kelley,Ogun,OTHERS
Jeremy Garrett,Abuja,OTHERS
Sharon Marquez,Abuja,OTHERS
Joshua Rodriguez,Cross River,OTHERS
Joshua Kirk,Osun,OTHERS
Clayton Leach,Abuja,OTHERS
Angel Robertson,Cross River,OTHERS
Nathan Peters,Ondo,OTHERS
Chad Ruiz,Ekiti,OTHERS
Elizabeth Jordan,Ekiti,OTHERS
Benjamin Johnson,Abuja,OTHERS
Aaron Cordova,Lagos,Lagos
Keith Smith,Ekiti,OTHERS
Andrew Lopez,Ogun,OTHERS
Henry Woods,Kwara,OTHERS
Seth Williams,Oyo,OTHERS
Christopher Taylor,Cross River,OTHERS
Tracy York,Ekiti,OTHERS
Connie Bartlett,Oyo,OTHERS
Cheryl Williams,Lagos,Lagos
Tony Lin,Osun,OTHERS
Hannah Moore,Lagos,Lagos
Samuel Taylor,Kwara,OTHERS
Gregory Williams,Abuja,OTHERS
Robert Chen,Kwara,OTHERS
Charles Webb,Ondo,OTHERS
Austin Carlson,Lagos,Lagos
Kimberly Green,Lagos,Lagos
John Johnson,Oyo,OTHERS
Nicholas Gibson,Oyo,OTHERS
Clayton Paul,Abuja,OTHERS
Terrence Lee,Abuja,OTHERS
Christopher Mccoy,Kwara,OTHERS
Bruce Koch,Cross River,OTHERS
Ruth Hoffman,Cross River,OTHERS
Lee Gibson,Oyo,OTHERS
John Ferguson,Kwara,OTHERS
Christian Gibson,Oyo,OTHERS
Tyler Bowers,Kwara,OTHERS
Daniel Smith,Kwara,OTHERS
Holly Dixon,Abuja,OTHERS
Dustin Jordan,Osun,OTHERS
George Gibson,Abuja,OTHERS
Emily Hanson,Ondo,OTHERS
Justin Potter,Ogun,OTHERS
Jeffrey Perry,Oyo,OTHERS
Lacey Cowan,Osun,OTHERS
Cody Summers,Oyo,OTHERS
Patricia Mcdonald,Cross River,OTHERS
Alan Taylor,Kwara,OTHERS
Mary Strong,Oyo,OTHERS
Juan Drake,Abuja,OTHERS
Robin Combs,Cross River,OTHERS
Janet Spencer,Ondo,OTHERS
Mary Porter,Ekiti,OTHERS
Debbie Owens,Oyo,OTHERS
Katherine Banks,Oyo,OTHERS
William Young,Abuja,OTHERS
Dawn Mejia,Lagos,Lagos
Jennifer Weber,Ogun,OTHERS
Kimberly Williams,Oyo,OTHERS
Raymond Foster,Oyo,OTHERS
Marc Cardenas,Cross River,OTHERS
Anthony Collins,Lagos,Lagos
Julie Williams,Kwara,OTHERS
Luis Hunter,Ogun,OTHERS
Amy Harper,Cross River,OTHERS
Jordan Kelly,Ondo,OTHERS
Christian Yang,Cross River,OTHERS
Michael Garner,Ekiti,OTHERS
Brian White,Ekiti,OTHERS
Matthew Lopez,Oyo,OTHERS
Barbara Rose,Ogun,OTHERS
Dr. Laura Douglas,Oyo,OTHERS
Robert Stevens,Osun,OTHERS
Kevin Cunningham,Osun,OTHERS
Andrew Velasquez,Ondo,OTHERS
Troy Frey,Ondo,OTHERS
Tracy Davis,Abuja,OTHERS
Ryan Wallace,Osun,OTHERS
Jason Frederick,Ekiti,OTHERS
Crystal Pearson,Oyo,OTHERS
Seth Salazar,Osun,OTHERS
Gary Cunningham,Lagos,Lagos
Gregory Acosta,Kwara,OTHERS
Ryan Livingston,Ondo,OTHERS
Donald Kennedy,Lagos,Lagos
Randy Kent,Ogun,OTHERS
Robert Jones,Osun,OTHERS
David Marquez,Ekiti,OTHERS
Susan Humphrey,Oyo,OTHERS
Angela Avila,Lagos,Lagos
Joseph Montgomery,Ekiti,OTHERS
Melissa Perez,Ekiti,OTHERS
Paul Kaiser,Kwara,OTHERS
Kevin Coleman,Ondo,OTHERS
Maria Schaefer,Lagos,Lagos
Jeffery Rose,Ondo,OTHERS
Alexander Hanna,Ondo,OTHERS
Jeffery Bowman,Cross River,OTHERS
Laurie Mason,Oyo,OTHERS
Michael Anderson,Lagos,Lagos
Maureen Cook,Kwara,OTHERS
Wendy Wells,Ogun,OTHERS
Mary Williams,Kwara,OTHERS
Whitney Howard,Kwara,OTHERS
Danielle Wilson,Kwara,OTHERS
Denise Gonzalez,Abuja,OTHERS
James Vasquez,Ondo,OTHERS
Jacob Cross,Ekiti,OTHERS
Samuel Collins,Abuja,OTHERS
Leslie Sanders,Kwara,OTHERS
Joseph Myers,Oyo,OTHERS
Zachary Henry,Cross River,OTHERS
Dr. Andrew Torres Jr.,Ogun,OTHERS
Charlene Shaw,Kwara,OTHERS
Joshua Herring,Oyo,OTHERS
Thomas Perez,Ondo,OTHERS
Jasmine Martinez,Cross River,OTHERS
Ashley Thompson,Kwara,OTHERS
Keith Herring,Osun,OTHERS
Joanne Harding,Oyo,OTHERS
Julie Myers,Cross River,OTHERS
Tammy Rosario,Oyo,OTHERS
Michael Peters,Abuja,OTHERS
Michael Galvan,Oyo,OTHERS
Christian Yang,Cross River,OTHERS
Samantha Wallace,Abuja,OTHERS
Chelsea Giles,Kwara,OTHERS
Carla Page,Abuja,OTHERS
Mrs. Jennifer Reyes,Ondo,OTHERS
Kyle Nunez,Lagos,Lagos
Daniel Garcia,Cross River,OTHERS
Kimberly Casey,Osun,OTHERS
Mrs. Crystal Gray DDS,Lagos,Lagos
April Powell,Osun,OTHERS
Kenneth Jones,Cross River,OTHERS
Michael King,Ogun,OTHERS
Nichole Rodriguez,Cross River,OTHERS
Kathleen Turner,Abuja,OTHERS
Shane Smith,Osun,OTHERS
Kimberly Crosby,Kwara,OTHERS
Melissa Small,Lagos,Lagos
Sean Taylor,Lagos,Lagos
Anthony Jackson,Abuja,OTHERS
Cynthia Mendez,Ogun,OTHERS
Patrick Huerta,Ekiti,OTHERS
Jasmine Williams,Osun,OTHERS
David Harrington,Cross River,OTHERS
Kevin Grimes,Lagos,Lagos
Amanda Wilkinson,Osun,OTHERS
John Williams,Abuja,OTHERS
Dominique Campbell,Ekiti,OTHERS
Timothy May,Kwara,OTHERS
Nicole Nguyen,Ekiti,OTHERS
Andrea Welch,Cross River,OTHERS
Lawrence Myers,Ekiti,OTHERS
Sarah Daniels,Osun,OTHERS
Richard Clark,Oyo,OTHERS
Ariana Smith,Ogun,OTHERS
Nichole Davis,Cross River,OTHERS
Caroline Allen,Ondo,OTHERS
Ashley Reese,Cross River,OTHERS
Katie Taylor,Lagos,Lagos
Michael Lynch,Kwara,OTHERS
Christine Jefferson,Abuja,OTHERS
John Mccann,Oyo,OTHERS
Michael Warner,Abuja,OTHERS
Michael Sawyer,Osun,OTHERS
Cynthia Hobbs,Lagos,Lagos
Holly Perez,Abuja,OTHERS
Brittany Wilkinson,Kwara,OTHERS
Mrs. Karen Krause,Cross River,OTHERS
Lauren Edwards,Oyo,OTHERS
Sara Stevens,Ondo,OTHERS
Cheryl Diaz,Oyo,OTHERS
Amy Rodriguez,Cross River,OTHERS
Erin Johnson,Ekiti,OTHERS
Kathy Martin,Oyo,OTHERS
Julie West,Ogun,OTHERS
Lisa Smith,Oyo,OTHERS
Billy Taylor,Kwara,OTHERS
Tammy Roberts,Abuja,OTHERS
Daniel Collins,Ogun,OTHERS
Alexander Garcia,Lagos,Lagos
Jamie Fisher,Kwara,OTHERS
Matthew Doyle,Ondo,OTHERS
Vanessa Lester,Ekiti,OTHERS
Toni Murphy,Abuja,OTHERS
Anne Snyder,Ondo,OTHERS
Julie Humphrey,Osun,OTHERS
Kimberly Wheeler,Ondo,OTHERS
Gary Berger,Ondo,OTHERS
Jamie Lee,Oyo,OTHERS
Adam Hansen,Kwara,OTHERS
Brian Mcpherson,Oyo,OTHERS
Charles Phillips,Ondo,OTHERS
Hannah Price,Cross River,OTHERS
Roy Taylor,Cross River,OTHERS
Barbara Miller,Ekiti,OTHERS
Thomas Smith,Lagos,Lagos